<?xml version="1.0" encoding="UTF-8"?>
<jcr:root xmlns:sling="http://sling.apache.org/jcr/sling/1.0" xmlns:cq="http://www.day.com/jcr/cq/1.0" xmlns:jcr="http://www.jcp.org/jcr/1.0" xmlns:nt="http://www.jcp.org/jcr/nt/1.0"
    jcr:primaryType="nt:unstructured"
    jcr:title="List">
    <content jcr:primaryType="nt:unstructured">
        <items jcr:primaryType="nt:unstructured">
            <tabs jcr:primaryType="nt:unstructured">
                <items jcr:primaryType="nt:unstructured">
                    <itemSettings jcr:primaryType="nt:unstructured">
                        <items jcr:primaryType="nt:unstructured">
                            <columns jcr:primaryType="nt:unstructured">
                                <items jcr:primaryType="nt:unstructured">
                                    <column jcr:primaryType="nt:unstructured">
                                        <items jcr:primaryType="nt:unstructured">
                                            <itemType
                                                jcr:primaryType="nt:unstructured"
                                                sling:orderBefore="linkItems"
                                                sling:resourceType="granite/ui/components/coral/foundation/form/select"
                                                fieldLabel="Type"
                                                name="./itemType">
                                                <items jcr:primaryType="nt:unstructured">
                                                    <default
                                                        jcr:primaryType="nt:unstructured"
                                                        text="Default"
                                                        value="item"/>
                                                    <article
                                                        jcr:primaryType="nt:unstructured"
                                                        text="Article"
                                                        value="article"/>
                                                </items>
                                            </itemType>
                                        </items>
                                    </column>
                                </items>
                            </columns>
                        </items>
                    </itemSettings>
                </items>
            </tabs>
        </items>
    </content>
</jcr:root>