<?xml version="1.0" encoding="UTF-8"?>
<jcr:root xmlns:cq="http://www.day.com/jcr/cq/1.0" xmlns:jcr="http://www.jcp.org/jcr/1.0" xmlns:rep="internal"
    jcr:mixinTypes="[rep:AccessControllable]"
    jcr:primaryType="cq:Page">
    <jcr:content/>
    <trending/>
    <forum/>
    <files/>
    <catalog/>
    <assignments/>
    <blog/>
    <questions/>
    <ideas/>
    <calendar/>
    <groups/>
    <members/>
    <social/>
    <useraccount/>
    <profile/>
    <messaging/>
    <search/>
    <signup/>
    <signin/>
    <moderation/>
    <notifications/>
    <rep:policy/>
    <photos/>
    <configuration/>
    <folderConfiguration/>
    <resources/>
</jcr:root>
